<?xml version="1.0" encoding="UTF-8" standalone="yes"?>
<KeyValueMapOperations async="false" continueOnError="false" enabled="true" name="KVM.ReadSecConfig" mapIdentifier="EnvSecureMap">
    <DisplayName>KVM.ReadSecConfig</DisplayName>
    <Properties/>
    <ExclusiveCache>false</ExclusiveCache>
    <ExpiryTimeInSecs>300</ExpiryTimeInSecs>
    <Get assignTo="private.secret" index="1">
        <Key>
            <Parameter>secret</Parameter>
        </Key>
    </Get>
    <Get assignTo="private.flow.config.encryptionKey">
        <Key>
            <Parameter>encryptionKey</Parameter>
        </Key>
    </Get>
    <Scope>environment</Scope>
</KeyValueMapOperations>