<?xml version="1.0" encoding="UTF-8" standalone="yes"?>
<RaiseFault async="false" continueOnError="false" enabled="true" name="RF.InvalidToken">
    <DisplayName>RF.InvalidToken</DisplayName>
    <Properties/>
    <FaultResponse>
        <Set>
            <Headers/>
            <Payload>Invalid token</Payload>
            <StatusCode>401</StatusCode>
            <ReasonPhrase>Unauthorized</ReasonPhrase>
        </Set>
    </FaultResponse>
    <IgnoreUnresolvedVariables>true</IgnoreUnresolvedVariables>
</RaiseFault>